Country,Description
Egypt,"Home to the Great Pyramids and the Nile River, Egypt offers a deep historical experience combined with desert safaris and scuba diving in the Red Sea."
Greece,"The birthplace of democracy and ancient philosophy, Greece offers historic ruins, beautiful islands, and adventure opportunities like hiking Mount Olympus."
Italy,"Known for its rich Roman history, stunning architecture, and vibrant culture, Italy also offers adventure in the Alps and scenic coastal hikes in Cinque Terre."
Peru,"Famous for Machu Picchu and Incan history, Peru offers deep cultural experiences and adventure opportunities like trekking in the Andes or exploring the Amazon."
Japan,"A blend of ancient traditions and modern innovation, Japan offers historic temples, samurai culture, and adventure activities like skiing in Hokkaido or hiking Mount Fuji."
Mexico,"Rich in Mayan and Aztec history, Mexico has incredible ruins, vibrant culture, and adventure options such as cenote diving and exploring underground caves."
Australia,"From the Great Barrier Reef to the rugged Outback, Australia offers a mix of indigenous history and adventure, including surfing and wildlife safaris."
India,"Home to the Taj Mahal and diverse cultural traditions, India offers deep historical experiences along with adventure in the Himalayas and national parks."
France,"Famous for its art, castles, and medieval history, France also offers adventure activities such as skiing in the Alps and exploring caves in the Dordogne region."
South Africa,"A mix of colonial history and indigenous culture, South Africa offers historic sites and thrilling adventures like safari tours and cage diving with sharks."
Spain,"Spain is known for its Moorish history, stunning cathedrals, and vibrant culture, offering adventure activities like hiking in the Pyrenees and windsurfing in Tarifa."
China,"China boasts ancient wonders like the Great Wall and Forbidden City, along with adventure experiences such as trekking in the Himalayas and exploring Zhangjiajie’s rock formations."
Brazil,"Brazil is home to the Amazon Rainforest and Iguazu Falls, offering a mix of adventure and cultural history with samba, carnival, and colonial towns."
Canada,"Canada’s vast wilderness provides breathtaking landscapes, historic sites like Old Quebec, and adventure opportunities such as skiing in Whistler and kayaking in Banff."
Thailand,"Thailand offers ancient Buddhist temples, floating markets, and stunning beaches, with adventure options like jungle trekking and scuba diving in the Andaman Sea."
Turkey,"Turkey bridges Europe and Asia with rich Ottoman and Byzantine history, featuring landmarks like Hagia Sophia and adventure activities such as paragliding in Oludeniz."
Germany,"Germany is famous for its medieval castles, Oktoberfest, and history from the Roman era to World War II, with outdoor adventures in the Black Forest and Bavarian Alps."
United Kingdom,"The United Kingdom boasts Shakespearean history, castles, and legends of King Arthur, while offering adventure opportunities such as hiking in the Scottish Highlands and surfing in Cornwall."
Argentina,"Argentina features European-style cities like Buenos Aires, the Andes mountains, and Patagonia’s breathtaking landscapes, making it a paradise for hikers and culture lovers."
Vietnam,"Vietnam is rich in history from imperial dynasties to the Vietnam War, with adventure options like cave exploration in Phong Nha and motorbike tours through the countryside."
United States,"The United States offers historical sites like the Liberty Bell and Alamo, combined with adventure destinations such as the Grand Canyon, Yellowstone, and surfing in Hawaii."
Russia,"Russia’s vast history includes Tsarist palaces, Soviet landmarks, and adventure experiences such as trekking in Siberia, the Kamchatka volcanoes, and Trans-Siberian railway journeys."
Portugal,"Portugal is renowned for its Age of Exploration history, beautiful castles, and adventure activities like surfing in Nazaré and hiking in the Azores."
Norway,"Norway is home to Viking history, breathtaking fjords, and thrilling adventures such as northern lights hunting, glacier hikes, and world-class skiing."
Indonesia,"Indonesia offers ancient temples like Borobudur, a blend of cultures, and adventure experiences such as volcano hikes in Bali and diving in Raja Ampat."
Morocco,"Morocco’s history includes Berber, Arab, and French influences, with vibrant souks, stunning kasbahs, and adventure experiences like camel trekking in the Sahara."
Chile,"Chile is a land of extremes, from the Atacama Desert to Patagonia’s glaciers, offering rich history and adventure activities like hiking in Torres del Paine and stargazing."
Sweden,"Sweden has Viking heritage, medieval towns, and outdoor adventures such as dog sledding in Lapland, hiking the Kungsleden trail, and exploring thousands of islands in the archipelago."
South Korea,"South Korea blends ancient palaces with K-pop culture, offering adventure options like hiking in Seoraksan National Park and exploring traditional hanok villages."
Kenya,"Kenya is known for its Maasai heritage, Great Rift Valley, and world-famous safaris, making it perfect for wildlife adventures and cultural explorations."
Algeria,"Algeria features Roman ruins and the vast Sahara Desert, making it a mix of historical exploration and adventure."
Andorra,Andorra is a small principality known for its medieval history and world-class skiing in the Pyrenees.
Angola,Angola has Portuguese colonial history and offers adventure through its dramatic landscapes and wildlife parks.
Armenia,"Armenia, one of the world’s oldest nations, is home to ancient monasteries and rugged mountains perfect for trekking."
Austria,"Austria boasts imperial history, classical music heritage, and alpine adventures like skiing and mountain climbing."
Azerbaijan,Azerbaijan blends Persian and Soviet influences with fire-worshipping sites and hiking opportunities in the Caucasus Mountains.
Bahamas,The Bahamas is rich in pirate history and offers adventure through scuba diving in its vibrant coral reefs.
Bahrain,Bahrain has ancient Dilmun civilization ruins and exciting desert adventures like dune bashing and pearl diving.
Bangladesh,"Bangladesh offers the Sundarbans mangrove forest, historic culture, and boat journeys through its rivers and deltas."
Barbados,Barbados has a mix of British colonial history and adventure options like surfing and cave exploration.
Belarus,Belarus features Soviet-era monuments and medieval castles along with vast forests for outdoor exploration.
Belgium,"Belgium is famous for its medieval cities, castles, and adventure activities like hiking in the Ardennes."
Belize,"Belize has Mayan ruins, dense jungles, and thrilling scuba diving experiences in the Great Blue Hole."
Benin,"Benin is the birthplace of voodoo, featuring historic palaces and adventure through wildlife parks."
Bhutan,Bhutan is known for its Himalayan monasteries and adventurous treks through pristine mountain landscapes.
Bolivia,"Bolivia offers Incan history, the Uyuni salt flats, and thrilling treks in the Andes Mountains."
Bosnia and Herzegovina,"Bosnia and Herzegovina has Ottoman history, medieval villages, and adventure like rafting in the Neretva River."
Botswana,Botswana is famous for its wildlife safaris and the Okavango Delta’s unique natural landscapes.
Brunei,Brunei is a small yet historic sultanate with rainforests and the stunning Kampong Ayer floating village.
Bulgaria,"Bulgaria features ancient Thracian ruins, Ottoman influences, and adventure like skiing in Bansko."
Burkina Faso,Burkina Faso is known for its vibrant cultural heritage and opportunities for desert trekking.
Burundi,Burundi has ancient kingdoms and adventure experiences like exploring Lake Tanganyika.
Cambodia,Cambodia is home to Angkor Wat and jungle trekking adventures through its remote temples.
Cameroon,Cameroon has rich African kingdoms' history and thrilling hikes up Mount Cameroon.
Central African Republic,"The Central African Republic offers tribal culture, historic sites, and safaris in untouched wilderness."
Chad,"Chad has Saharan landscapes, ancient rock paintings, and challenging desert expeditions."
Colombia,Colombia is rich in colonial history and provides adventure in the Amazon rainforest and the Andes.
Comoros,Comoros features historic Arab settlements and thrilling underwater diving in the Indian Ocean.
Costa Rica,"Costa Rica is known for its eco-tourism, volcanoes, and thrilling zip-lining adventures."
Croatia,"Croatia has medieval cities, Venetian history, and island-hopping adventure in the Adriatic."
Cuba,Cuba is rich in colonial architecture and offers adventure through its vibrant music culture and scenic landscapes.
Cyprus,"Cyprus has Greek and Roman ruins, along with adventure in its Mediterranean coastline and mountains."
Czech Republic,"The Czech Republic boasts fairy-tale castles, Gothic cathedrals, and forested hiking trails."
Democratic Republic of the Congo,The Democratic Republic of the Congo has deep colonial history and jungle trekking in Virunga National Park.
Denmark,"Denmark is the land of Vikings, historic castles, and adventure in its coastal dunes."
Djibouti,Djibouti has ancient trade history and adventure activities like snorkeling in its crystal-clear waters.
Dominican Republic,The Dominican Republic is rich in colonial history and offers thrilling adventure like waterfall canyoning.
Ecuador,"Ecuador is home to the Galápagos Islands and Andean cultural history, with trekking opportunities."
El Salvador,"El Salvador has Mayan ruins, volcanic landscapes, and incredible surfing beaches."
Equatorial Guinea,Equatorial Guinea has Spanish colonial architecture and rainforests perfect for eco-adventures.
Eritrea,Eritrea has Italian colonial history and adventure through diving in the Red Sea.
Estonia,"Estonia features medieval towns and adventure through its dense, untouched forests."
Eswatini,"Eswatini has deep Swazi culture, traditional villages, and exciting safaris."
Ethiopia,Ethiopia has ancient Orthodox Christian history and hiking routes to its rock-hewn churches.
Fiji,Fiji is known for indigenous traditions and adventure through its coral reefs and waterfalls.
Finland,"Finland has Sami culture, snow-covered Lapland, and adventure like dog sledding and the northern lights."
Gabon,Gabon has untouched rainforests and thrilling safaris in its vast national parks.
Gambia,"The Gambia is the smallest African nation, rich in history and home to diverse wildlife adventures."
Georgia,"Georgia has ancient monasteries, wine culture, and adventure through the Caucasus Mountains."
Ghana,Ghana is a center of West African history with coastal forts and thrilling jungle treks.
Guatemala,Guatemala features Mayan ruins and volcano hiking adventures.
Guinea,Guinea has colonial-era history and breathtaking natural landscapes for trekking.
Guinea-Bissau,Guinea-Bissau features Portuguese colonial heritage and untouched wildlife parks.
Haiti,Haiti has a vibrant Creole culture and adventure in its rugged mountain trails.
Honduras,Honduras is home to Mayan ruins and thrilling scuba diving spots in the Caribbean.
Hungary,Hungary has rich medieval history and adventure in its thermal spas and cave systems.
Iceland,Iceland features Viking history and incredible adventure through glaciers and hot springs.
Iran,"Iran has Persian empire history, stunning mosques, and adventure through its deserts and mountains."
Iraq,"Iraq has Mesopotamian ruins and ancient cityscapes, with rich historical intrigue."
Ireland,"Ireland has Celtic heritage, medieval castles, and scenic hikes along the Cliffs of Moher."
Jamaica,Jamaica has rich reggae culture and adventure through its waterfalls and mountains.
Jordan,Jordan is home to the ancient Nabatean city of Petra and desert safaris in Wadi Rum.
Kazakhstan,Kazakhstan features nomadic history and adventure through its vast steppe landscapes.
Kuwait,Kuwait has Arab trading history and scenic coastal exploration.
Kyrgyzstan,Kyrgyzstan has nomadic culture and thrilling treks in the Tian Shan mountains.
Laos,Laos features Buddhist heritage and adventure through its jungle-covered hills and rivers.
Latvia,Latvia has medieval Old Towns and adventure through its vast national parks.
Lebanon,Lebanon is home to Phoenician history and beautiful mountain landscapes for hiking.
Lesotho,Lesotho has unique highland culture and thrilling horse-riding adventures.
Liberia,Liberia has Americo-Liberian history and tropical rainforest expeditions.
